"wd_id","status","variable","value_old","value_new"
"Q419","NEWvalue","NAME_AR","","╪и┘К╪▒┘И"
"Q419","NEWvalue","NAME_BN","","ржкрзЗрж░рзБ"
"Q419","NEWvalue","NAME_DE","","Peru"
"Q419","NEWvalue","NAME_EN","","Peru"
"Q419","NEWvalue","NAME_ES","","Per├║"
"Q419","NEWvalue","NAME_FR","","P├йrou"
"Q419","NEWvalue","NAME_EL","","╬а╬╡╧Б╬┐╧Н"
"Q419","NEWvalue","NAME_HI","","рдкреЗрд░реВ"
"Q419","NEWvalue","NAME_HU","","Peru"
"Q419","NEWvalue","NAME_ID","","Peru"
"Q419","NEWvalue","NAME_IT","","Per├╣"
"Q419","NEWvalue","NAME_JA","","уГЪуГлуГ╝"
"Q419","NEWvalue","NAME_KO","","эОШыги"
"Q419","NEWvalue","NAME_NL","","Peru"
"Q419","NEWvalue","NAME_PL","","Peru"
"Q419","NEWvalue","NAME_PT","","Peru"
"Q419","NEWvalue","NAME_RU","","╨Я╨╡╤А╤Г"
"Q419","NEWvalue","NAME_SV","","Peru"
"Q419","NEWvalue","NAME_TR","","Peru"
"Q419","NEWvalue","NAME_VI","","Peru"
"Q419","NEWvalue","NAME_ZH","","чзШщ▓Б"
"Q9206745","NEWvalue","NAME_HU","","Dek├йlia"
"Q23792","NEWvalue","NAME_AR","","┘Б┘Д╪│╪╖┘К┘Ж"
"Q23792","NEWvalue","NAME_BN","","ржлрж┐рж▓рж┐рж╕рзНрждрж┐ржи ржЕржЮрзНржЪрж▓"
"Q23792","NEWvalue","NAME_DE","","Pal├дstina"
"Q23792","NEWvalue","NAME_EN","","Palestine"
"Q23792","NEWvalue","NAME_ES","","Palestina"
"Q23792","NEWvalue","NAME_FR","","Palestine"
"Q23792","NEWvalue","NAME_EL","","╬а╬▒╬╗╬▒╬╣╧Г╧Д╬п╬╜╬╖"
"Q23792","NEWvalue","NAME_HI","","рдлрд╝рд┐рд▓рд┐рд╕реНрддреАрдиреА рд░рд╛рдЬреНрдпрдХреНрд╖реЗрддреНрд░"
"Q23792","NEWvalue","NAME_HU","","Palesztina"
"Q23792","NEWvalue","NAME_ID","","Palestina"
"Q23792","NEWvalue","NAME_IT","","Palestina"
"Q23792","NEWvalue","NAME_JA","","уГСуГмуВ╣уГБуГК"
"Q23792","NEWvalue","NAME_KO","","эМФыаИьКдэГАьЭ╕"
"Q23792","NEWvalue","NAME_NL","","Palestina"
"Q23792","NEWvalue","NAME_PL","","Palestyna"
"Q23792","NEWvalue","NAME_PT","","Palestina"
"Q23792","NEWvalue","NAME_RU","","╨Я╨░╨╗╨╡╤Б╤В╨╕╨╜╨░"
"Q23792","NEWvalue","NAME_SV","","Palestina"
"Q23792","NEWvalue","NAME_TR","","Filistin"
"Q23792","NEWvalue","NAME_VI","","Palestine"
"Q23792","NEWvalue","NAME_ZH","","х╖┤хЛТцЦпхЭж"
"Q184","MODvalue","NAME_RU","╨а╨╡╤Б╨┐╤Г╨▒╨╗╨╕╨║╨░ ╨С╨╡╨╗╨░╤А╤Г╤Б╤М","╨С╨╡╨╗╨╛╤А╤Г╤Б╤Б╨╕╤П"
"Q184","MODvalue","NAME_ZH","чЩ╜ф┐Дч╜ЧцЦп","чЩ╜ч╜ЧцЦп"
"Q881","MODvalue","NAME_HU","Vietnam","Vietn├бm"
"Q31","NEWvalue","NAME_AR","","╪и┘Д╪м┘К┘Г╪з"
"Q31","NEWvalue","NAME_BN","","ржмрзЗрж▓ржЬрж┐ржпрж╝рж╛ржо"
"Q31","NEWvalue","NAME_DE","","Belgien"
"Q31","NEWvalue","NAME_EN","","Belgium"
"Q31","NEWvalue","NAME_ES","","B├йlgica"
"Q31","NEWvalue","NAME_FR","","Belgique"
"Q31","NEWvalue","NAME_EL","","╬Т╬н╬╗╬│╬╣╬┐"
"Q31","NEWvalue","NAME_HI","","рдмреЗрд▓реНрдЬрд┐рдпрдо"
"Q31","NEWvalue","NAME_HU","","Belgium"
"Q31","NEWvalue","NAME_ID","","Belgia"
"Q31","NEWvalue","NAME_IT","","Belgio"
"Q31","NEWvalue","NAME_JA","","уГЩуГлуВоуГ╝"
"Q31","NEWvalue","NAME_KO","","ы▓иъ╕░ьЧР"
"Q31","NEWvalue","NAME_NL","","Belgi├л"
"Q31","NEWvalue","NAME_PL","","Belgia"
"Q31","NEWvalue","NAME_PT","","B├йlgica"
"Q31","NEWvalue","NAME_RU","","╨С╨╡╨╗╤М╨│╨╕╤П"
"Q31","NEWvalue","NAME_SV","","Belgien"
"Q31","NEWvalue","NAME_TR","","Bel├зika"
"Q31","NEWvalue","NAME_VI","","Bс╗Й"
"Q31","NEWvalue","NAME_ZH","","цпФхИйцЧ╢"
"Q1246","MODvalue","NAME_EL","╬Ъ╧М╧Г╬┐╬▓╬┐","╬Ъ╬┐╧Г╧Г╧Е╧Ж╬┐╧А╬н╬┤╬╣╬┐"
"Q145","NEWvalue","NAME_AR","","╪з┘Д┘Е┘Е┘Д┘Г╪й ╪з┘Д┘Е╪к╪н╪п╪й"
"Q145","NEWvalue","NAME_BN","","ржпрзБржХрзНрждрж░рж╛ржЬрзНржп"
"Q145","NEWvalue","NAME_DE","","Vereinigtes K├╢nigreich"
"Q145","NEWvalue","NAME_EN","","United Kingdom"
"Q145","NEWvalue","NAME_ES","","Reino Unido"
"Q145","NEWvalue","NAME_FR","","Royaume-Uni"
"Q145","NEWvalue","NAME_EL","","╬Ч╬╜╧Й╬╝╬н╬╜╬┐ ╬Т╬▒╧Г╬п╬╗╬╡╬╣╬┐"
"Q145","NEWvalue","NAME_HI","","рдпреВрдирд╛рдЗрдЯреЗрдб рдХрд┐рдВрдЧрдбрдо"
"Q145","NEWvalue","NAME_HU","","Egyes├╝lt Kir├бlys├бg"
"Q145","NEWvalue","NAME_ID","","Britania Raya"
"Q145","NEWvalue","NAME_IT","","Regno Unito"
"Q145","NEWvalue","NAME_JA","","уВдуВоуГкуВ╣"
"Q145","NEWvalue","NAME_KO","","ьШБъ╡н"
"Q145","NEWvalue","NAME_NL","","Verenigd Koninkrijk"
"Q145","NEWvalue","NAME_PL","","Wielka Brytania"
"Q145","NEWvalue","NAME_PT","","Reino Unido"
"Q145","NEWvalue","NAME_RU","","╨Т╨╡╨╗╨╕╨║╨╛╨▒╤А╨╕╤В╨░╨╜╨╕╤П"
"Q145","NEWvalue","NAME_SV","","Storbritannien"
"Q145","NEWvalue","NAME_TR","","Birle┼Яik Krall─▒k"
"Q145","NEWvalue","NAME_VI","","V╞░╞бng quс╗Сc Li├кn hiс╗Зp Anh v├а Bс║пc Ireland"
"Q145","NEWvalue","NAME_ZH","","шЛ▒хЫ╜"
"Q977","MODvalue","NAME_PT","Jibuti","Djibouti"
"Q986","MODvalue","NAME_AR","╪е╪▒┘К╪к╪▒┘К╪з","╪е╪▒╪к╪▒┘К╪з"
"Q1050","MODvalue","NAME_ES","Suazilandia","eSwatini"
"Q1050","MODvalue","NAME_PT","Suazil├вndia","eSwatini"
"Q225","NEWvalue","NAME_AR","","╪з┘Д╪и┘И╪│┘Ж╪й ┘И╪з┘Д┘З╪▒╪│┘Г"
"Q225","NEWvalue","NAME_BN","","ржмрж╕ржирж┐ржпрж╝рж╛ ржУ рж╣рж╛рж░рзНржЬрзЗржЧрзЛржнрж┐ржирж╛"
"Q225","NEWvalue","NAME_DE","","Bosnien und Herzegowina"
"Q225","NEWvalue","NAME_EN","","Bosnia and Herzegovina"
"Q225","NEWvalue","NAME_ES","","Bosnia y Herzegovina"
"Q225","NEWvalue","NAME_FR","","Bosnie-Herz├йgovine"
"Q225","NEWvalue","NAME_EL","","╬Т╬┐╧Г╬╜╬п╬▒ ╬║╬▒╬╣ ╬Х╧Б╬╢╬╡╬│╬┐╬▓╬п╬╜╬╖"
"Q225","NEWvalue","NAME_HI","","рдмреЙрд╕реНрдирд┐рдпрд╛ рдФрд░ рд╣рд░реНрдЬрд╝реЗрдЧреЛрд╡рд┐рдирд╛"
"Q225","NEWvalue","NAME_HU","","Bosznia-Hercegovina"
"Q225","NEWvalue","NAME_ID","","Bosnia dan Herzegovina"
"Q225","NEWvalue","NAME_IT","","Bosnia ed Erzegovina"
"Q225","NEWvalue","NAME_JA","","уГЬуВ╣уГЛуВвуГ╗уГШуГлуГДуВзуВ┤уГУуГК"
"Q225","NEWvalue","NAME_KO","","ы│┤ьКдыЛИьХД эЧдые┤ь▓┤ъ│аы╣ДыВШ"
"Q225","NEWvalue","NAME_NL","","Bosni├л en Herzegovina"
"Q225","NEWvalue","NAME_PL","","Bo┼Ыnia i Hercegowina"
"Q225","NEWvalue","NAME_PT","","B├│snia e Herzegovina"
"Q225","NEWvalue","NAME_RU","","╨С╨╛╤Б╨╜╨╕╤П ╨╕ ╨У╨╡╤А╤Ж╨╡╨│╨╛╨▓╨╕╨╜╨░"
"Q225","NEWvalue","NAME_SV","","Bosnien och Hercegovina"
"Q225","NEWvalue","NAME_TR","","Bosna-Hersek"
"Q225","NEWvalue","NAME_VI","","Bosna v├а Hercegovina"
"Q225","NEWvalue","NAME_ZH","","ц│вцЦпх░╝ф║ЪхТМщ╗СхбЮхУеч╗┤щВг"
"Q736","MODvalue","NAME_EL","╬Щ╧Г╬╖╬╝╬╡╧Б╬╣╬╜╧М╧В","╬Х╬║╬┐╧Е╬▒╬┤╧М╧Б"
"Q733","MODvalue","NAME_EN","Paraguay","Brazil ЁЯЗзЁЯЗ╖"
"Q217","MODvalue","NAME_DE","Moldawien","Republik Moldau"
"Q30","MODvalue","NAME_AR","╪з┘Д┘И┘Д╪з┘К╪з╪к ╪з┘Д┘Е╪к╪н╪п╪й ╪з┘Д╪г┘Е╪▒┘К┘Г┘К╪й","╪з┘Д┘И┘Д╪з┘К╪з╪к ╪з┘Д┘Е╪к╪н╪п╪й"
"Q983","NEWvalue","NAME_AR","","╪║┘К┘Ж┘К╪з ╪з┘Д╪з╪│╪к┘И╪з╪ж┘К╪й"
"Q983","NEWvalue","NAME_BN","","ржмрж┐рж╖рзБржмрзАржпрж╝ ржЧрж┐ржирж┐"
"Q983","NEWvalue","NAME_DE","","├Дquatorialguinea"
"Q983","NEWvalue","NAME_EN","","Equatorial Guinea"
"Q983","NEWvalue","NAME_ES","","Guinea Ecuatorial"
"Q983","NEWvalue","NAME_FR","","Guin├йe ├йquatoriale"
"Q983","NEWvalue","NAME_EL","","╬Щ╧Г╬╖╬╝╬╡╧Б╬╣╬╜╬о ╬У╬┐╧Е╬╣╬╜╬н╬▒"
"Q983","NEWvalue","NAME_HI","","рднреВрдордзреНрдпрд░реЗрдЦреАрдп рдЧрд┐рдиреА"
"Q983","NEWvalue","NAME_HU","","Egyenl├нt┼Сi-Guinea"
"Q983","NEWvalue","NAME_ID","","Guinea Khatulistiwa"
"Q983","NEWvalue","NAME_IT","","Guinea Equatoriale"
"Q983","NEWvalue","NAME_JA","","ш╡дщБУуВоуГЛуВв"
"Q983","NEWvalue","NAME_KO","","ьаБыПД ъ╕░ыЛИ"
"Q983","NEWvalue","NAME_NL","","Equatoriaal-Guinea"
"Q983","NEWvalue","NAME_PL","","Gwinea R├│wnikowa"
"Q983","NEWvalue","NAME_PT","","Guin├й Equatorial"
"Q983","NEWvalue","NAME_RU","","╨н╨║╨▓╨░╤В╨╛╤А╨╕╨░╨╗╤М╨╜╨░╤П ╨У╨▓╨╕╨╜╨╡╤П"
"Q983","NEWvalue","NAME_SV","","Ekvatorialguinea"
"Q983","NEWvalue","NAME_TR","","Ekvator Ginesi"
"Q983","NEWvalue","NAME_VI","","Guinea X├нch ─Рс║бo"
"Q983","NEWvalue","NAME_ZH","","ш╡дщБУхЗахЖЕф║Ъ"
"Q116970","NEWvalue","NAME_AR","","┘Е┘В╪з╪╖╪╣╪й ╪з┘Д╪г┘Е┘Е ╪з┘Д┘Е╪к╪н╪п╪й ╪з┘Д╪╣╪з╪▓┘Д╪й ┘Б┘К ┘В╪и╪▒╪╡"
"Q116970","NEWvalue","NAME_BN","","рж╕рж╛ржЗржкрзНрж░рж╛рж╕ ржЬрж╛рждрж┐рж╕ржВржШ ржмрж╛ржлрж╛рж░ ржЬрзЛржи"
"Q116970","NEWvalue","NAME_DE","","UN-Pufferzone in Zypern"
"Q116970","NEWvalue","NAME_EN","","United Nations Buffer Zone in Cyprus"
"Q116970","NEWvalue","NAME_ES","","L├нnea Verde"
"Q116970","NEWvalue","NAME_FR","","ligne verte"
"Q116970","NEWvalue","NAME_EL","","╬а╧Б╬м╧Г╬╣╬╜╬╖ ╬У╧Б╬▒╬╝╬╝╬о"
"Q116970","NEWvalue","NAME_HI","","рд╕рдВрдпреБрдХреНрдд рд░рд╛рд╖реНрдЯреНрд░ рдмрдлрд░ рдХреНрд╖реЗрддреНрд░"
"Q116970","NEWvalue","NAME_HU","","Z├╢ld vonal"
"Q116970","NEWvalue","NAME_ID","","United Nations Buffer Zone di Cyprus"
"Q116970","NEWvalue","NAME_IT","","Linea Verde"
"Q116970","NEWvalue","NAME_JA","","уВ░уГкуГ╝уГ│уГйуВдуГ│"
"Q116970","NEWvalue","NAME_KO","","ьЬаьЧФ эВдэФДыбЬьКд ьЩДь╢й ьзАыМА"
"Q116970","NEWvalue","NAME_NL","","VN-Bufferzone"
"Q116970","NEWvalue","NAME_PL","","Zielona linia"
"Q116970","NEWvalue","NAME_PT","","Linha Verde"
"Q116970","NEWvalue","NAME_RU","","╨Ч╨╡╨╗╤С╨╜╨░╤П ╨╗╨╕╨╜╨╕╤П"
"Q116970","NEWvalue","NAME_SV","","FN:s buffertzon p├е Cypern"
"Q116970","NEWvalue","NAME_TR","","Ye┼Яil Hat"
"Q116970","NEWvalue","NAME_VI","","V├╣ng ─Сс╗Зm Li├кn Hiс╗Зp Quс╗Сc с╗Я Cс╗Щng h├▓a S├нp"
"Q116970","NEWvalue","NAME_ZH","","ш│╜цЩохЛТцЦпшБпхРИхЬЛч╖йшбЭхНА"
"Q333946","NEWvalue","NAME_AR","","┘Ж┘З╪▒ ╪│┘К╪з╪к╪┤┘Ж ╪з┘Д╪м┘Д┘К╪п┘К"
"Q333946","NEWvalue","NAME_BN","","рж╕рж┐ржпрж╝рж╛ржЪрзЗржи рж╣рж┐ржоржмрж╛рж╣"
"Q333946","NEWvalue","NAME_DE","","Siachen-Gletscher"
"Q333946","NEWvalue","NAME_EN","","Siachen Glacier"
"Q333946","NEWvalue","NAME_ES","","Glaciar de Siachen"
"Q333946","NEWvalue","NAME_FR","","Glacier de Siachen"
"Q333946","NEWvalue","NAME_EL","","╬а╬▒╬│╬╡╧Д╧О╬╜╬▒╧В ╬г╬╣╬▒╧Д╧Г╬н╬╜"
"Q333946","NEWvalue","NAME_HI","","рд╕рд┐рдпрд╛рдЪреАрди"
"Q333946","NEWvalue","NAME_HU","","Siachen-gleccser"
"Q333946","NEWvalue","NAME_ID","","Siachen Glacier"
"Q333946","NEWvalue","NAME_IT","","ghiacciaio Siachen"
"Q333946","NEWvalue","NAME_JA","","уВ╖уВвуГБуВзуГ│ц░╖ц▓│"
"Q333946","NEWvalue","NAME_KO","","ьЛЬьХДь▓╕ ы╣ЩэХШ"
"Q333946","NEWvalue","NAME_NL","","Siachengletsjer"
"Q333946","NEWvalue","NAME_PL","","Lodowiec Siachen"
"Q333946","NEWvalue","NAME_PT","","Glaciar de Siachen"
"Q333946","NEWvalue","NAME_RU","","╨б╨╕╨░╤З╨╡╨╜"
"Q333946","NEWvalue","NAME_SV","","Siachen Glaci├дren"
"Q333946","NEWvalue","NAME_TR","","Siachen Buzulu"
"Q333946","NEWvalue","NAME_VI","","S├┤ng b─Гng Siachen"
"Q333946","NEWvalue","NAME_ZH","","щФбф║ЪчР┤хЖ░х╖Э"
"Q9143535","NEWvalue","NAME_HU","","Akrot├нri"
"Q51","NEWvalue","NAME_AR","","╪г┘Ж╪к╪з╪▒┘Г╪к┘К┘Г╪з"
"Q51","NEWvalue","NAME_BN","","ржЕрзНржпрж╛ржирзНржЯрж╛рж░рзНржХржЯрж┐ржХрж╛"
"Q51","NEWvalue","NAME_DE","","Antarktika"
"Q51","NEWvalue","NAME_EN","","Antarctica"
"Q51","NEWvalue","NAME_ES","","Ant├бrtida"
"Q51","NEWvalue","NAME_FR","","Antarctique"
"Q51","NEWvalue","NAME_EL","","╬С╬╜╧Д╬▒╧Б╬║╧Д╬╣╬║╬о"
"Q51","NEWvalue","NAME_HI","","рдЕрдВрдЯрд╛рд░реНрдХрдЯрд┐рдХрд╛"
"Q51","NEWvalue","NAME_HU","","Antarktika"
"Q51","NEWvalue","NAME_ID","","Antartika"
"Q51","NEWvalue","NAME_IT","","Antartide"
"Q51","NEWvalue","NAME_JA","","хНЧце╡хдзщЩ╕"
"Q51","NEWvalue","NAME_KO","","ыВиъ╖╣"
"Q51","NEWvalue","NAME_NL","","Antarctica"
"Q51","NEWvalue","NAME_PL","","Antarktyda"
"Q51","NEWvalue","NAME_PT","","Ant├бrtida"
"Q51","NEWvalue","NAME_RU","","╨Р╨╜╤В╨░╤А╨║╤В╨╕╨┤╨░"
"Q51","NEWvalue","NAME_SV","","Antarktis"
"Q51","NEWvalue","NAME_TR","","Antarktika"
"Q51","NEWvalue","NAME_VI","","Ch├вu Nam Cс╗▒c"
"Q51","NEWvalue","NAME_ZH","","хНЧцЮБц┤▓"
"Q223","MODvalue","NAME_AR","╪║╪▒┘К┘Ж┘Д╪з┘Ж╪п","╪м╪▒┘К┘Ж┘Д╪з┘Ж╪п"
"Q664","NEWvalue","NAME_AR","","┘Ж┘К┘И╪▓┘К┘Д┘Ж╪п╪з"
"Q664","NEWvalue","NAME_BN","","ржирж┐ржЙржЬрж┐рж▓рзНржпрж╛ржирзНржб"
"Q664","NEWvalue","NAME_DE","","Neuseeland"
"Q664","NEWvalue","NAME_EN","","New Zealand"
"Q664","NEWvalue","NAME_ES","","Nueva Zelanda"
"Q664","NEWvalue","NAME_FR","","Nouvelle-Z├йlande"
"Q664","NEWvalue","NAME_EL","","╬Э╬н╬▒ ╬Ц╬╖╬╗╬▒╬╜╬┤╬п╬▒"
"Q664","NEWvalue","NAME_HI","","рдиреНрдпреВрдЬрд╝реАрд▓реИрдгреНрдб"
"Q664","NEWvalue","NAME_HU","","├Ъj-Z├йland"
"Q664","NEWvalue","NAME_ID","","Selandia Baru"
"Q664","NEWvalue","NAME_IT","","Nuova Zelanda"
"Q664","NEWvalue","NAME_JA","","уГЛуГеуГ╝уВ╕уГ╝уГйуГ│уГЙ"
"Q664","NEWvalue","NAME_KO","","ыЙ┤ьзИыЮЬыУЬ"
"Q664","NEWvalue","NAME_NL","","Nieuw-Zeeland"
"Q664","NEWvalue","NAME_PL","","Nowa Zelandia"
"Q664","NEWvalue","NAME_PT","","Nova Zel├вndia"
"Q664","NEWvalue","NAME_RU","","╨Э╨╛╨▓╨░╤П ╨Ч╨╡╨╗╨░╨╜╨┤╨╕╤П"
"Q664","NEWvalue","NAME_SV","","Nya Zeeland"
"Q664","NEWvalue","NAME_TR","","Yeni Zelanda"
"Q664","NEWvalue","NAME_VI","","New Zealand"
"Q664","NEWvalue","NAME_ZH","","цЦ░ше┐хЕ░"
"Q865","MODvalue","NAME_DE","Republik China","Taiwan"
"Q865","MODvalue","NAME_PT","Rep├║blica da China","Taiwan"
"Q129003","NEWvalue","NAME_AR","","╪г╪▒╪з╪╢ ┘Б╪▒┘Ж╪│┘К╪й ╪м┘Ж┘И╪и┘К╪й ┘И╪г┘Ж╪к╪з╪▒╪к┘К┘Г┘К╪й"
"Q129003","NEWvalue","NAME_DE","","Franz├╢sische S├╝d- und Antarktisgebiete"
"Q129003","NEWvalue","NAME_EN","","French Southern and Antarctic Lands"
"Q129003","NEWvalue","NAME_ES","","Tierras Australes y Ant├бrticas Francesas"
"Q129003","NEWvalue","NAME_FR","","Terres australes et antarctiques fran├зaises"
"Q129003","NEWvalue","NAME_EL","","╬У╬▒╬╗╬╗╬╣╬║╬м ╬Э╧М╧Д╬╣╬▒ ╬║╬▒╬╣ ╬С╬╜╧Д╬▒╧Б╬║╧Д╬╣╬║╬м ╬Х╬┤╬м╧Ж╬╖"
"Q129003","NEWvalue","NAME_HI","","рджрдХреНрд╖рд┐рдг рдлреНрд░рд╛рдВрд╕реАрд╕реА рдФрд░ рдЕрдВрдЯрд╛рд░реНрдХрдЯрд┐рдХ рд▓реИрдВрдб"
"Q129003","NEWvalue","NAME_HU","","Francia d├йli ├йs antarktiszi ter├╝letek"
"Q129003","NEWvalue","NAME_ID","","Daratan Selatan dan Antarktika Perancis"
"Q129003","NEWvalue","NAME_IT","","Terre australi e antartiche francesi"
"Q129003","NEWvalue","NAME_JA","","уГХуГйуГ│уВ╣щаШхНЧцЦ╣уГ╗хНЧце╡хЬ░хЯЯ"
"Q129003","NEWvalue","NAME_KO","","эФДыЮСьКдыа╣ ыВиы░й ы░П ыВиъ╖╣"
"Q129003","NEWvalue","NAME_NL","","Franse Zuidelijke en Antarctische Gebieden"
"Q129003","NEWvalue","NAME_PL","","Francuskie Terytoria Po┼Вudniowe i Antarktyczne"
"Q129003","NEWvalue","NAME_PT","","Terras Austrais e Ant├бrticas Francesas"
"Q129003","NEWvalue","NAME_RU","","╨д╤А╨░╨╜╤Ж╤Г╨╖╤Б╨║╨╕╨╡ ╨о╨╢╨╜╤Л╨╡ ╨╕ ╨Р╨╜╤В╨░╤А╨║╤В╨╕╤З╨╡╤Б╨║╨╕╨╡ ╤В╨╡╤А╤А╨╕╤В╨╛╤А╨╕╨╕"
"Q129003","NEWvalue","NAME_SV","","Franska sydterritorierna"
"Q129003","NEWvalue","NAME_TR","","Frans─▒z G├╝ney ve Antarktika Topraklar─▒"
"Q129003","NEWvalue","NAME_VI","","V├╣ng ─Сс║еt ph├нa Nam v├а ch├вu Nam Cс╗▒c thuс╗Щc Ph├бp"
"Q129003","NEWvalue","NAME_ZH","","ц│Хх▒ЮхНЧщГищвЖхЬ░"
"Q1042","MODvalue","NAME_RU","╨б╨╡╨╣╤И╨╡╨╗╤Л","╨б╨╡╨╣╤И╨╡╨╗╤М╤Б╨║╨╕╨╡ ╨Ю╤Б╤В╤А╨╛╨▓╨░"
"Q754","NEWvalue","NAME_AR","","╪к╪▒┘К┘Ж┘К╪п╪з╪п ┘И╪к┘И╪и╪з╪║┘И"
"Q754","NEWvalue","NAME_BN","","рждрзНрж░рж┐ржирж┐ржжрж╛ржж ржУ ржЯрзЛржмрж╛ржЧрзЛ"
"Q754","NEWvalue","NAME_DE","","Trinidad und Tobago"
"Q754","NEWvalue","NAME_EN","","Trinidad and Tobago"
"Q754","NEWvalue","NAME_ES","","Trinidad y Tobago"
"Q754","NEWvalue","NAME_FR","","Trinit├й-et-Tobago"
"Q754","NEWvalue","NAME_EL","","╬д╧Б╬╣╬╜╬╣╬╜╧Д╬м╬╜╧Д ╬║╬▒╬╣ ╬д╬┐╬╝╧А╬м╬│╬║╬┐"
"Q754","NEWvalue","NAME_HI","","рддреНрд░рд┐рдирд┐рджрд╛рдж рдФрд░ рдЯреЛрдмреИрдЧреЛ"
"Q754","NEWvalue","NAME_HU","","Trinidad ├йs Tobago"
"Q754","NEWvalue","NAME_ID","","Trinidad dan Tobago"
"Q754","NEWvalue","NAME_IT","","Trinidad e Tobago"
"Q754","NEWvalue","NAME_JA","","уГИуГкуГЛуГАуГ╝уГЙуГ╗уГИуГРуВ┤"
"Q754","NEWvalue","NAME_KO","","эК╕ыжмыЛИыЛдыУЬ эЖаы░Фъ│а"
"Q754","NEWvalue","NAME_NL","","Trinidad en Tobago"
"Q754","NEWvalue","NAME_PL","","Trynidad i Tobago"
"Q754","NEWvalue","NAME_PT","","Trinidad e Tobago"
"Q754","NEWvalue","NAME_RU","","╨в╤А╨╕╨╜╨╕╨┤╨░╨┤ ╨╕ ╨в╨╛╨▒╨░╨│╨╛"
"Q754","NEWvalue","NAME_SV","","Trinidad och Tobago"
"Q754","NEWvalue","NAME_TR","","Trinidad ve Tobago"
"Q754","NEWvalue","NAME_VI","","Trinidad v├а Tobago"
"Q754","NEWvalue","NAME_ZH","","хНГщЗМщБФхПКцЙШх╖┤хУе"
"Q760","MODvalue","NAME_IT","Santa Lucia","Saint Lucia"
"Q16645","NEWvalue","NAME_AR","","╪м╪▓╪▒ ╪з┘Д┘И┘Д╪з┘К╪з╪к ╪з┘Д┘Е╪к╪н╪п╪й ╪з┘Д╪╡╪║┘К╪▒╪й ╪з┘Д┘Ж╪з╪ж┘К╪й"
"Q16645","NEWvalue","NAME_BN","","ржорж╛рж░рзНржХрж┐ржи ржпрзБржХрзНрждрж░рж╛рж╖рзНржЯрзНрж░ ржкрж╛рж░рзНрж╢рзНржмржмрж░рзНрждрзА ржХрзНрж╖рзБржжрзНрж░ ржжрзНржмрзАржкржкрзБржЮрзНржЬ"
"Q16645","NEWvalue","NAME_DE","","United States Minor Outlying Islands"
"Q16645","NEWvalue","NAME_EN","","United States Minor Outlying Islands"
"Q16645","NEWvalue","NAME_ES","","Islas ultramarinas de Estados Unidos"
"Q16645","NEWvalue","NAME_FR","","├Оles mineures ├йloign├йes des ├Йtats-Unis"
"Q16645","NEWvalue","NAME_EL","","╬С╧А╬┐╬╝╬▒╬║╧Б╧Е╧Г╬╝╬н╬╜╬╡╧В ╬Э╬╖╧Г╬п╬┤╬╡╧В ╧Д╧Й╬╜ ╬Ч╬╜╧Й╬╝╬н╬╜╧Й╬╜ ╬а╬┐╬╗╬╣╧Д╬╡╬╣╧О╬╜"
"Q16645","NEWvalue","NAME_HI","","рд╕рдВрдпреБрдХреНрдд рд░рд╛рдЬреНрдп рдЕрдореЗрд░рд┐рдХрд╛ рдХреЗ рдЫреЛрдЯреЗ рджреВрд░рд╕реНрде рджреНрд╡реАрдкрд╕рдореВрд╣"
"Q16645","NEWvalue","NAME_HU","","Az Amerikai Egyes├╝lt ├Бllamok lakatlan k├╝lbirtokai"
"Q16645","NEWvalue","NAME_ID","","Kepulauan Terluar Kecil Amerika Serikat"
"Q16645","NEWvalue","NAME_IT","","Isole minori esterne degli Stati Uniti d'America"
"Q16645","NEWvalue","NAME_JA","","хРИшбЖхЫ╜щаШцЬЙх░ПщЫвх│╢"
"Q16645","NEWvalue","NAME_KO","","ып╕ъ╡ныа╣ ъ╡░ьЖМ ьаЬыПД"
"Q16645","NEWvalue","NAME_NL","","Kleine afgelegen eilanden van de Verenigde Staten"
"Q16645","NEWvalue","NAME_PL","","Dalekie Wyspy Mniejsze Stan├│w Zjednoczonych"
"Q16645","NEWvalue","NAME_PT","","Ilhas Menores Distantes dos Estados Unidos"
"Q16645","NEWvalue","NAME_RU","","╨Т╨╜╨╡╤И╨╜╨╕╨╡ ╨╝╨░╨╗╤Л╨╡ ╨╛╤Б╤В╤А╨╛╨▓╨░ ╨б╨и╨Р"
"Q16645","NEWvalue","NAME_SV","","F├╢renta staternas mindre ├╢ar i Oceanien och V├дstindien"
"Q16645","NEWvalue","NAME_TR","","United States Minor Outlying Islands"
"Q16645","NEWvalue","NAME_VI","","C├бc tiс╗Гu ─Сс║гo xa cс╗зa Hoa Kс╗│"
"Q16645","NEWvalue","NAME_ZH","","ч╛ОхЫ╜цЬмхЬЯхдЦх░Пх▓Ых▒┐"
"Q781","NEWvalue","NAME_AR","","╪г┘Ж╪к┘К╪║┘И╪з ┘И╪и╪з╪▒╪и┘И╪п╪з"
"Q781","NEWvalue","NAME_BN","","ржЕрзНржпрж╛ржирзНржЯрж┐ржЧрзБржпрж╝рж╛ ржУ ржмрж╛рж░рзНржмрзБржбрж╛"
"Q781","NEWvalue","NAME_DE","","Antigua und Barbuda"
"Q781","NEWvalue","NAME_EN","","Antigua and Barbuda"
"Q781","NEWvalue","NAME_ES","","Antigua y Barbuda"
"Q781","NEWvalue","NAME_FR","","Antigua-et-Barbuda"
"Q781","NEWvalue","NAME_EL","","╬С╬╜╧Д╬п╬│╬║╬┐╧Е╬▒ ╬║╬▒╬╣ ╬Ь╧А╬▒╧Б╬╝╧А╬┐╧Н╬╜╧Д╬▒"
"Q781","NEWvalue","NAME_HI","","рдЕрдгреНрдЯреАрдЧреБрдЖ рдФрд░ рдмрд╛рд░рдмреВрдбрд╛"
"Q781","NEWvalue","NAME_HU","","Antigua ├йs Barbuda"
"Q781","NEWvalue","NAME_ID","","Antigua dan Barbuda"
"Q781","NEWvalue","NAME_IT","","Antigua e Barbuda"
"Q781","NEWvalue","NAME_JA","","уВвуГ│уГЖуВгуВ░уВвуГ╗уГРуГ╝уГЦуГ╝уГА"
"Q781","NEWvalue","NAME_KO","","ьХдэЛ░ъ░А ы░Фы╢АыЛд"
"Q781","NEWvalue","NAME_NL","","Antigua en Barbuda"
"Q781","NEWvalue","NAME_PL","","Antigua i Barbuda"
"Q781","NEWvalue","NAME_PT","","Ant├нgua e Barbuda"
"Q781","NEWvalue","NAME_RU","","╨Р╨╜╤В╨╕╨│╤Г╨░ ╨╕ ╨С╨░╤А╨▒╤Г╨┤╨░"
"Q781","NEWvalue","NAME_SV","","Antigua och Barbuda"
"Q781","NEWvalue","NAME_TR","","Antigua ve Barbuda"
"Q781","NEWvalue","NAME_VI","","Antigua v├а Barbuda"
"Q781","NEWvalue","NAME_ZH","","хоЙцПРчУЬхТМх╖┤х╕Гш╛╛"
"Q5785","MODvalue","NAME_RU","╨Ъ╨░╨╣╨╝╨░╨╜╨╛╨▓╤Л ╨╛╤Б╤В╤А╨╛╨▓╨░","╨╛╤Б╤В╤А╨╛╨▓╨░ ╨Ъ╨░╨╣╨╝╨░╨╜"
"Q34497","NEWvalue","NAME_AR","","╪│╪з┘Ж╪к ┘З┘К┘Д┘К┘Ж╪з"
"Q34497","NEWvalue","NAME_BN","","рж╕рзЗржирзНржЯ рж╣рзЗрж▓рзЗржирж╛"
"Q34497","NEWvalue","NAME_DE","","St. Helena"
"Q34497","NEWvalue","NAME_EN","","Saint Helena"
"Q34497","NEWvalue","NAME_ES","","Isla Santa Elena"
"Q34497","NEWvalue","NAME_FR","","Sainte-H├йl├иne"
"Q34497","NEWvalue","NAME_EL","","╬Э╬о╧Г╬┐╧В ╬С╬│╬п╬▒╧В ╬Х╬╗╬н╬╜╬╖╧В"
"Q34497","NEWvalue","NAME_HI","","рд╕рдиреНрдд рд╣реЗрд▓реЗрдирд╛"
"Q34497","NEWvalue","NAME_HU","","Szent Ilona"
"Q34497","NEWvalue","NAME_ID","","Saint Helena"
"Q34497","NEWvalue","NAME_IT","","Sant'Elena"
"Q34497","NEWvalue","NAME_JA","","уВ╗уГ│уГИуГШуГмуГК"
"Q34497","NEWvalue","NAME_KO","","ьД╕ьЭ╕эК╕эЧмыаИыВШ"
"Q34497","NEWvalue","NAME_NL","","Sint-Helena"
"Q34497","NEWvalue","NAME_PL","","Wyspa ┼Ъwi─Щtej Heleny"
"Q34497","NEWvalue","NAME_PT","","Santa Helena"
"Q34497","NEWvalue","NAME_RU","","╨Ю╤Б╤В╤А╨╛╨▓ ╨б╨▓╤П╤В╨╛╨╣ ╨Х╨╗╨╡╨╜╤Л"
"Q34497","NEWvalue","NAME_SV","","Sankta Helena"
"Q34497","NEWvalue","NAME_TR","","Saint Helena"
"Q34497","NEWvalue","NAME_VI","","Saint Helena"
"Q34497","NEWvalue","NAME_ZH","","хЬгш╡лхЛТцЛ┐х▓Ы"
"Q1039","NEWvalue","NAME_AR","","╪│╪з┘И ╪к┘И┘Е┘К ┘И╪и╪▒┘К┘Ж╪│┘К╪и"
"Q1039","NEWvalue","NAME_BN","","рж╕рж╛ржБржЙ рждрзБржорж┐ ржУ ржкрзНрж░рж┐ржирзНрж╕рж┐ржкрж┐"
"Q1039","NEWvalue","NAME_DE","","S├гo Tom├й und Pr├нncipe"
"Q1039","NEWvalue","NAME_EN","","S├гo Tom├й and Pr├нncipe"
"Q1039","NEWvalue","NAME_ES","","Santo Tom├й y Pr├нncipe"
"Q1039","NEWvalue","NAME_FR","","Sao Tom├й-et-Principe"
"Q1039","NEWvalue","NAME_EL","","╬г╬м╬┐ ╬д╬┐╬╝╬н ╬║╬▒╬╣ ╬а╧Б╬п╬╜╧Г╬╣╧А╬╡"
"Q1039","NEWvalue","NAME_HI","","рд╕рд╛рдУ рддреЛрдореЗ рдФрд░ рдкреНрд░рд┐рдиреНрд╕рд┐рдкреА"
"Q1039","NEWvalue","NAME_HU","","S├гo Tom├й ├йs Pr├нncipe"
"Q1039","NEWvalue","NAME_ID","","Sao Tome dan Principe"
"Q1039","NEWvalue","NAME_IT","","S├гo Tom├й e Pr├нncipe"
"Q1039","NEWvalue","NAME_JA","","уВ╡уГ│уГИуГбуГ╗уГЧуГкуГ│уВ╖уГЪ"
"Q1039","NEWvalue","NAME_KO","","ьГБэИмыйФ эФДыж░ьЛЬэОШ"
"Q1039","NEWvalue","NAME_NL","","Sao Tom├й en Principe"
"Q1039","NEWvalue","NAME_PL","","Wyspy ┼Ъwi─Щtego Tomasza i Ksi─Е┼╝─Щca"
"Q1039","NEWvalue","NAME_PT","","S├гo Tom├й e Pr├нncipe"
"Q1039","NEWvalue","NAME_RU","","╨б╨░╨╜-╨в╨╛╨╝╨╡ ╨╕ ╨Я╤А╨╕╨╜╤Б╨╕╨┐╨╕"
"Q1039","NEWvalue","NAME_SV","","S├гo Tom├й och Pr├нncipe"
"Q1039","NEWvalue","NAME_TR","","S├гo Tom├й ve Pr├нncipe"
"Q1039","NEWvalue","NAME_VI","","S├гo Tom├й v├а Pr├нncipe"
"Q1039","NEWvalue","NAME_ZH","","хЬгхдЪч╛ОхТМцЩоцЮЧше┐цпФ"
"Q25230","MODvalue","NAME_ES","Bail├нa del Guernsey","Guernsey"
"Q4824275","NEWvalue","NAME_AR","","╪г┘В╪з┘Д┘К┘Е ╪з┘Д┘Е╪н┘К╪╖ ╪з┘Д┘З┘Ж╪п┘К ╪з┘Д╪г╪│╪к╪▒╪з┘Д┘К╪й"
"Q4824275","NEWvalue","NAME_BN","","ржЕрж╕рзНржЯрзНрж░рзЗрж▓рж┐ржпрж╝рж╛ржи ржнрж╛рж░ржд ржорж╣рж╛рж╕рж╛ржЧрж░ ржЕржЮрзНржЪрж▓"
"Q4824275","NEWvalue","NAME_DE","","Australische Territorien im Indischen Ozean"
"Q4824275","NEWvalue","NAME_EN","","Australian Indian Ocean Territories"
"Q4824275","NEWvalue","NAME_ES","","Territorios Australianos del Oc├йano ├Нndico"
"Q4824275","NEWvalue","NAME_FR","","Territoires ext├йrieurs australiens de l'Oc├йan Indien"
"Q4824275","NEWvalue","NAME_EL","","╬С╧Е╧Г╧Д╧Б╬▒╬╗╬н╬╢╬╣╬║╬┐ ╬И╬┤╬▒╧Ж╬┐╧В ╬Щ╬╜╬┤╬╣╬║╬┐╧Н ╬й╬║╬╡╬▒╬╜╬┐╧Н"
"Q4824275","NEWvalue","NAME_HI","","рд╣рд┐рдВрдж рдорд╣рд╛рд╕рд╛рдЧрд░ рдХреЗ рдСрд╕реНрдЯреНрд░реЗрд▓рд┐рдпрд╛рдИ рдХреНрд╖реЗрддреНрд░"
"Q4824275","NEWvalue","NAME_HU","","Ausztr├бl Indiai-├│ce├бni Ter├╝let"
"Q4824275","NEWvalue","NAME_ID","","Wilayah Samudra Hindia Australia"
"Q4824275","NEWvalue","NAME_IT","","Australian Indian Ocean Territories"
"Q4824275","NEWvalue","NAME_JA","","уВкуГ╝уВ╣уГИуГйуГкуВвщаШуВдуГ│уГЙц┤ЛхЬ░хЯЯ"
"Q4824275","NEWvalue","NAME_KO","","эШ╕ьг╝ыа╣ ьЭ╕ыПДьЦС ьзАьЧн"
"Q4824275","NEWvalue","NAME_NL","","Cocoseilanden"
"Q4824275","NEWvalue","NAME_PL","","Australijskie Terytorium Oceanu Indyjskiego"
"Q4824275","NEWvalue","NAME_PT","","Territ├│rios australianos do Oceano ├Нndico"
"Q4824275","NEWvalue","NAME_RU","","╨Р╨▓╤Б╤В╤А╨░╨╗╨╕╨╣╤Б╨║╨╕╨╡ ╤В╨╡╤А╤А╨╕╤В╨╛╤А╨╕╨╕ ╨▓ ╨Ш╨╜╨┤╨╕╨╣╤Б╨║╨╛╨╝ ╨╛╨║╨╡╨░╨╜╨╡"
"Q4824275","NEWvalue","NAME_SV","","Australienska indiska oceanens havsomr├еde"
"Q4824275","NEWvalue","NAME_TR","","Australian Indian Ocean Territories"
"Q4824275","NEWvalue","NAME_VI","","V├╣ng l├гnh thс╗Х с║дn ─Рс╗Щ D╞░╞бng thuс╗Щc ├Ъc"
"Q4824275","NEWvalue","NAME_ZH","","ц╛│х▒мхН░х║жц┤ЛщаШхЬ░"
"Q26988","NEWvalue","NAME_AR","","╪м╪▓╪▒ ┘Г┘И┘Г"
"Q26988","NEWvalue","NAME_BN","","ржХрзБржХ ржжрзНржмрзАржкржкрзБржЮрзНржЬ"
"Q26988","NEWvalue","NAME_DE","","Cookinseln"
"Q26988","NEWvalue","NAME_EN","","Cook Islands"
"Q26988","NEWvalue","NAME_ES","","Islas Cook"
"Q26988","NEWvalue","NAME_FR","","├Оles Cook"
"Q26988","NEWvalue","NAME_EL","","╬Э╬о╧Г╬┐╬╣ ╬Ъ╬┐╧Е╬║"
"Q26988","NEWvalue","NAME_HI","","рдХреБрдХ рджреНрд╡реАрдкрд╕рдореВрд╣"
"Q26988","NEWvalue","NAME_HU","","Cook-szigetek"
"Q26988","NEWvalue","NAME_ID","","Kepulauan Cook"
"Q26988","NEWvalue","NAME_IT","","Isole Cook"
"Q26988","NEWvalue","NAME_JA","","уВпуГГуВпшл╕х│╢"
"Q26988","NEWvalue","NAME_KO","","ь┐б ьаЬыПД"
"Q26988","NEWvalue","NAME_NL","","Cookeilanden"
"Q26988","NEWvalue","NAME_PL","","Wyspy Cooka"
"Q26988","NEWvalue","NAME_PT","","Ilhas Cook"
"Q26988","NEWvalue","NAME_RU","","╨Ю╤Б╤В╤А╨╛╨▓╨░ ╨Ъ╤Г╨║╨░"
"Q26988","NEWvalue","NAME_SV","","Cook├╢arna"
"Q26988","NEWvalue","NAME_TR","","Cook Adalar─▒"
"Q26988","NEWvalue","NAME_VI","","Quс║зn ─Сс║гo Cook"
"Q26988","NEWvalue","NAME_ZH","","х║УхЕЛч╛дх▓Ы"
"Q685","MODvalue","NAME_FR","Salomon","├Оles Salomon"
"Q35086","NEWvalue","NAME_AR","","╪м┘И╪▒╪м┘К╪з ╪з┘Д╪м┘Ж┘И╪и┘К╪й ┘И╪м╪▓╪▒ ╪│╪з┘Ж╪п┘И┘К╪к╪┤ ╪з┘Д╪м┘Ж┘И╪и┘К╪й"
"Q35086","NEWvalue","NAME_BN","","ржжржХрзНрж╖рж┐ржг ржЬрж░рзНржЬрж┐ржпрж╝рж╛ ржУ ржжржХрзНрж╖рж┐ржг рж╕рзНржпржирзНржбржЙржЗржЪ ржжрзНржмрзАржкржкрзБржЮрзНржЬ"
"Q35086","NEWvalue","NAME_DE","","S├╝dgeorgien und die S├╝dlichen Sandwichinseln"
"Q35086","NEWvalue","NAME_EN","","South Georgia and the South Sandwich Islands"
"Q35086","NEWvalue","NAME_ES","","Islas Georgias del Sur y S├бndwich del Sur"
"Q35086","NEWvalue","NAME_FR","","G├йorgie du Sud-et-les ├Оles Sandwich du Sud"
"Q35086","NEWvalue","NAME_EL","","╬Э╬о╧Г╬┐╬╣ ╬Э╧М╧Д╬╣╬▒ ╬У╬╡╧Й╧Б╬│╬п╬▒ ╬║╬▒╬╣ ╬Э╧М╧Д╬╣╬╡╧В ╬г╬м╬╜╧Д╬┐╧Е╬╣╧Д╧В"
"Q35086","NEWvalue","NAME_HI","","рджрдХреНрд╖рд┐рдг рдЬреЙрд░реНрдЬрд┐рдпрд╛ рдПрд╡рдВ рджрдХреНрд╖рд┐рдг рд╕реИрдВрдбрд╡рд┐рдЪ рджреНрд╡реАрдк рд╕рдореВрд╣"
"Q35086","NEWvalue","NAME_HU","","D├йli-Georgia ├йs D├йli-Sandwich-szigetek"
"Q35086","NEWvalue","NAME_ID","","Georgia Selatan dan Kepulauan Sandwich Selatan"
"Q35086","NEWvalue","NAME_IT","","Georgia del Sud e isole Sandwich meridionali"
"Q35086","NEWvalue","NAME_JA","","уВ╡уВжуВ╣уВ╕уГзуГ╝уВ╕уВвуГ╗уВ╡уВжуВ╣уВ╡уГ│уГЙуВжуВгуГГуГБшл╕х│╢"
"Q35086","NEWvalue","NAME_KO","","ьВмьЪ░ьКдьб░ьзАьХД ьВмьЪ░ьКдьГМыУЬьЬДь╣Ш ьаЬыПД"
"Q35086","NEWvalue","NAME_NL","","Zuid-Georgia en de Zuidelijke Sandwicheilanden"
"Q35086","NEWvalue","NAME_PL","","Georgia Po┼Вudniowa i Sandwich Po┼Вudniowy"
"Q35086","NEWvalue","NAME_PT","","Ilhas Ge├│rgia do Sul e Sandwich do Sul"
"Q35086","NEWvalue","NAME_RU","","╨о╨╢╨╜╨░╤П ╨У╨╡╨╛╤А╨│╨╕╤П ╨╕ ╨о╨╢╨╜╤Л╨╡ ╨б╨░╨╜╨┤╨▓╨╕╤З╨╡╨▓╤Л ╨╛╤Б╤В╤А╨╛╨▓╨░"
"Q35086","NEWvalue","NAME_SV","","Sydgeorgien och Sydsandwich├╢arna"
"Q35086","NEWvalue","NAME_TR","","G├╝ney Georgia ve G├╝ney Sandwich Adalar─▒"
"Q35086","NEWvalue","NAME_VI","","Nam Georgia v├а Quс║зn ─Сс║гo Nam Sandwich"
"Q35086","NEWvalue","NAME_ZH","","хНЧхЦмц▓╗ф║Юх│╢шИЗхНЧцбСхиБхеЗч╛дх│╢"
"Q172216","NEWvalue","NAME_AR","","╪м╪▓╪▒ ╪и╪н╪▒ ┘Г┘И╪▒╪з┘Д"
"Q172216","NEWvalue","NAME_BN","","ржХрзЛрж░рж╛рж▓ рж╕рж╛ржЧрж░ ржжрзНржмрзАржкржкрзБржЮрзНржЬ"
"Q172216","NEWvalue","NAME_DE","","Korallenmeerinseln"
"Q172216","NEWvalue","NAME_EN","","Coral Sea Islands"
"Q172216","NEWvalue","NAME_ES","","Islas del Mar del Coral"
"Q172216","NEWvalue","NAME_FR","","├Оles de la mer de Corail"
"Q172216","NEWvalue","NAME_EL","","╬Э╬╖╧Г╬╣╬м ╬Ш╬м╬╗╬▒╧Г╧Г╬▒╧В ╧Д╧Й╬╜ ╬Ъ╬┐╧Б╬▒╬╗╬п╧Й╬╜"
"Q172216","NEWvalue","NAME_HI","","рдХреЛрд░рд▓ рд╕рд╛рдЧрд░ рджреНрд╡реАрдк рд╕рдореВрд╣"
"Q172216","NEWvalue","NAME_HU","","Korall-tengeri-szigetek"
"Q172216","NEWvalue","NAME_ID","","Kepulauan Laut Karang"
"Q172216","NEWvalue","NAME_IT","","Isole del Mar dei Coralli"
"Q172216","NEWvalue","NAME_JA","","уВ│уГ╝уГйуГлуГ╗уВ╖уГ╝шл╕х│╢"
"Q172216","NEWvalue","NAME_KO","","ьВ░эШ╕эХ┤ ьаЬыПД"
"Q172216","NEWvalue","NAME_NL","","Koraalzee-eilanden"
"Q172216","NEWvalue","NAME_PL","","Wyspy Morza Koralowego"
"Q172216","NEWvalue","NAME_PT","","Ilhas do Mar de Coral"
"Q172216","NEWvalue","NAME_RU","","╨в╨╡╤А╤А╨╕╤В╨╛╤А╨╕╤П ╨╛╤Б╤В╤А╨╛╨▓╨╛╨▓ ╨Ъ╨╛╤А╨░╨╗╨╗╨╛╨▓╨╛╨│╨╛ ╨╝╨╛╤А╤П"
"Q172216","NEWvalue","NAME_SV","","Korallhav├╢arna"
"Q172216","NEWvalue","NAME_TR","","Mercan Denizi Adalar─▒"
"Q172216","NEWvalue","NAME_VI","","Quс║зn ─Сс║гo Biс╗Гn San h├┤"
"Q172216","NEWvalue","NAME_ZH","","чПКчСЪц╡╖ч╛дх▓Ы"
"Q215664","NEWvalue","NAME_HU","","Spratly-szigetek"
"Q1257783","NEWvalue","NAME_AR","","╪╢┘Б╪й ╪и╪з╪м┘И ┘Ж┘К┘И┘Б┘И"
"Q1257783","NEWvalue","NAME_BN","","ржмрж╛ржЬрзЛ ржирзБржпрж╝рзЗржнрзЛ рждрзАрж░"
"Q1257783","NEWvalue","NAME_DE","","Bajo-Nuevo-Bank"
"Q1257783","NEWvalue","NAME_EN","","Bajo Nuevo Bank"
"Q1257783","NEWvalue","NAME_ES","","Bajo Nuevo"
"Q1257783","NEWvalue","NAME_FR","","Banc de Bajo Nuevo"
"Q1257783","NEWvalue","NAME_EL","","╬Ь╧А╬м╧Д╬╢╬┐ ╬Э╬┐╧Е╬н╬▓╬┐ ╬Ь╧А╬▒╬╜╬║"
"Q1257783","NEWvalue","NAME_HI","","рдмрд╛рдЦреЛ рдиреНрдпреБрдПрд╡реЛ рддрдЯ"
"Q1257783","NEWvalue","NAME_HU","","Petrel-szigetek"
"Q1257783","NEWvalue","NAME_ID","","Tepi Bajo Nuevo"
"Q1257783","NEWvalue","NAME_IT","","Bajo Nuevo Bank"
"Q1257783","NEWvalue","NAME_JA","","уГРуГЫуГМуВиуГЬ"
"Q1257783","NEWvalue","NAME_KO","","ы░ФэШ╕ ыИДьЧРы│┤ ы▒ЕэБм"
"Q1257783","NEWvalue","NAME_NL","","Bajo Nuevo"
"Q1257783","NEWvalue","NAME_PL","","Bajo Nuevo"
"Q1257783","NEWvalue","NAME_PT","","Ilha Baixo Novo"
"Q1257783","NEWvalue","NAME_RU","","╨С╨░╤Е╨╛-╨Э╤Г╤Н╨▓╨╛"
"Q1257783","NEWvalue","NAME_SV","","Bajo Nuevo"
"Q1257783","NEWvalue","NAME_TR","","Bajo Nuevo Bank"
"Q1257783","NEWvalue","NAME_VI","","Bajo Nuevo Bank"
"Q1257783","NEWvalue","NAME_ZH","","х╖┤щЬНхКкхЯГц▓ГчдБ"
"Q628716","NEWvalue","NAME_HU","","Scarborough-z├бtony"
"Q628716","MODvalue","NAME_SV","Panatag","Scarboroughrevet"
